{
  "id": "b1f8df87-0048-46fe-aae2-0a404aa9cac9",
  "prevId": "00000000-0000-0000-0000-000000000000",
  "version": "7",
  "dialect": "postgresql",
  "tables": {
    "public.ais_checks": {
      "name": "ais_checks",
      "schema": "",
      "columns": {
        "id": {
          "name": "id",
          "type": "uuid",
          "primaryKey": true,
          "notNull": true,
          "default": "gen_random_uuid()"
        },
        "vessel_id": {
          "name": "vessel_id",
          "type": "uuid",
          "primaryKey": false,
          "notNull": true
        },
        "check_time": {
          "name": "check_time",
          "type": "timestamp",
          "primaryKey": false,
          "notNull": true
        },
        "is_moving": {
          "name": "is_moving",
          "type": "boolean",
          "primaryKey": false,
          "notNull": true
        },
        "speed_knots": {
          "name": "speed_knots",
          "type": "numeric(8, 2)",
          "primaryKey": false,
          "notNull": false
        },
        "latitude": {
          "name": "latitude",
          "type": "numeric(9, 6)",
          "primaryKey": false,
          "notNull": false
        },
        "longitude": {
          "name": "longitude",
          "type": "numeric(10, 6)",
          "primaryKey": false,
          "notNull": false
        },
        "created_at": {
          "name": "created_at",
          "type": "timestamp",
          "primaryKey": false,
          "notNull": true,
          "default": "now()"
        }
      },
      "indexes": {
        "vessel_id_check_time_idx": {
          "name": "vessel_id_check_time_idx",
          "columns": [
            {
              "expression": "vessel_id",
              "isExpression": false,
              "asc": true,
              "nulls": "last"
            },
            {
              "expression": "check_time",
              "isExpression": false,
              "asc": true,
              "nulls": "last"
            }
          ],
          "isUnique": false,
          "concurrently": false,
          "method": "btree",
          "with": {}
        }
      },
      "foreignKeys": {
        "ais_checks_vessel_id_vessels_id_fk": {
          "name": "ais_checks_vessel_id_vessels_id_fk",
          "tableFrom": "ais_checks",
          "tableTo": "vessels",
          "columnsFrom": [
            "vessel_id"
          ],
          "columnsTo": [
            "id"
          ],
          "onDelete": "cascade",
          "onUpdate": "no action"
        }
      },
      "compositePrimaryKeys": {},
      "uniqueConstraints": {},
      "policies": {},
      "checkConstraints": {},
      "isRLSEnabled": false
    },
    "public.sea_time_entries": {
      "name": "sea_time_entries",
      "schema": "",
      "columns": {
        "id": {
          "name": "id",
          "type": "uuid",
          "primaryKey": true,
          "notNull": true,
          "default": "gen_random_uuid()"
        },
        "vessel_id": {
          "name": "vessel_id",
          "type": "uuid",
          "primaryKey": false,
          "notNull": true
        },
        "start_time": {
          "name": "start_time",
          "type": "timestamp",
          "primaryKey": false,
          "notNull": true
        },
        "end_time": {
          "name": "end_time",
          "type": "timestamp",
          "primaryKey": false,
          "notNull": false
        },
        "duration_hours": {
          "name": "duration_hours",
          "type": "numeric(10, 2)",
          "primaryKey": false,
          "notNull": false
        },
        "status": {
          "name": "status",
          "type": "text",
          "primaryKey": false,
          "notNull": true,
          "default": "'pending'"
        },
        "notes": {
          "name": "notes",
          "type": "text",
          "primaryKey": false,
          "notNull": false
        },
        "created_at": {
          "name": "created_at",
          "type": "timestamp",
          "primaryKey": false,
          "notNull": true,
          "default": "now()"
        }
      },
      "indexes": {
        "vessel_id_idx": {
          "name": "vessel_id_idx",
          "columns": [
            {
              "expression": "vessel_id",
              "isExpression": false,
              "asc": true,
              "nulls": "last"
            }
          ],
          "isUnique": false,
          "concurrently": false,
          "method": "btree",
          "with": {}
        },
        "status_idx": {
          "name": "status_idx",
          "columns": [
            {
              "expression": "status",
              "isExpression": false,
              "asc": true,
              "nulls": "last"
            }
          ],
          "isUnique": false,
          "concurrently": false,
          "method": "btree",
          "with": {}
        }
      },
      "foreignKeys": {
        "sea_time_entries_vessel_id_vessels_id_fk": {
          "name": "sea_time_entries_vessel_id_vessels_id_fk",
          "tableFrom": "sea_time_entries",
          "tableTo": "vessels",
          "columnsFrom": [
            "vessel_id"
          ],
          "columnsTo": [
            "id"
          ],
          "onDelete": "cascade",
          "onUpdate": "no action"
        }
      },
      "compositePrimaryKeys": {},
      "uniqueConstraints": {},
      "policies": {},
      "checkConstraints": {},
      "isRLSEnabled": false
    },
    "public.vessels": {
      "name": "vessels",
      "schema": "",
      "columns": {
        "id": {
          "name": "id",
          "type": "uuid",
          "primaryKey": true,
          "notNull": true,
          "default": "gen_random_uuid()"
        },
        "mmsi": {
          "name": "mmsi",
          "type": "text",
          "primaryKey": false,
          "notNull": true
        },
        "vessel_name": {
          "name": "vessel_name",
          "type": "text",
          "primaryKey": false,
          "notNull": true
        },
        "created_at": {
          "name": "created_at",
          "type": "timestamp",
          "primaryKey": false,
          "notNull": true,
          "default": "now()"
        }
      },
      "indexes": {
        "mmsi_idx": {
          "name": "mmsi_idx",
          "columns": [
            {
              "expression": "mmsi",
              "isExpression": false,
              "asc": true,
              "nulls": "last"
            }
          ],
          "isUnique": false,
          "concurrently": false,
          "method": "btree",
          "with": {}
        }
      },
      "foreignKeys": {},
      "compositePrimaryKeys": {},
      "uniqueConstraints": {
        "vessels_mmsi_unique": {
          "name": "vessels_mmsi_unique",
          "nullsNotDistinct": false,
          "columns": [
            "mmsi"
          ]
        }
      },
      "policies": {},
      "checkConstraints": {},
      "isRLSEnabled": false
    }
  },
  "enums": {},
  "schemas": {},
  "sequences": {},
  "roles": {},
  "policies": {},
  "views": {},
  "_meta": {
    "columns": {},
    "schemas": {},
    "tables": {}
  }
}