{
  "id": "8fab8c2a-e3d6-4040-9068-29455634c7da",
  "prevId": "ba29332d-3cfc-483a-a85f-56b16d389da4",
  "version": "7",
  "dialect": "postgresql",
  "tables": {
    "public.ais_checks": {
      "name": "ais_checks",
      "schema": "",
      "columns": {
        "id": {
          "name": "id",
          "type": "uuid",
          "primaryKey": true,
          "notNull": true,
          "default": "gen_random_uuid()"
        },
        "user_id": {
          "name": "user_id",
          "type": "text",
          "primaryKey": false,
          "notNull": false
        },
        "vessel_id": {
          "name": "vessel_id",
          "type": "uuid",
          "primaryKey": false,
          "notNull": true
        },
        "check_time": {
          "name": "check_time",
          "type": "timestamp",
          "primaryKey": false,
          "notNull": true
        },
        "is_moving": {
          "name": "is_moving",
          "type": "boolean",
          "primaryKey": false,
          "notNull": true
        },
        "speed_knots": {
          "name": "speed_knots",
          "type": "numeric(8, 2)",
          "primaryKey": false,
          "notNull": false
        },
        "latitude": {
          "name": "latitude",
          "type": "numeric(9, 6)",
          "primaryKey": false,
          "notNull": false
        },
        "longitude": {
          "name": "longitude",
          "type": "numeric(10, 6)",
          "primaryKey": false,
          "notNull": false
        },
        "api_source": {
          "name": "api_source",
          "type": "text",
          "primaryKey": false,
          "notNull": false,
          "default": "'myshiptracking'"
        },
        "created_at": {
          "name": "created_at",
          "type": "timestamp",
          "primaryKey": false,
          "notNull": true,
          "default": "now()"
        }
      },
      "indexes": {
        "ais_checks_user_id_idx": {
          "name": "ais_checks_user_id_idx",
          "columns": [
            {
              "expression": "user_id",
              "isExpression": false,
              "asc": true,
              "nulls": "last"
            }
          ],
          "isUnique": false,
          "concurrently": false,
          "method": "btree",
          "with": {}
        },
        "ais_checks_vessel_time_idx": {
          "name": "ais_checks_vessel_time_idx",
          "columns": [
            {
              "expression": "vessel_id",
              "isExpression": false,
              "asc": true,
              "nulls": "last"
            },
            {
              "expression": "check_time",
              "isExpression": false,
              "asc": true,
              "nulls": "last"
            }
          ],
          "isUnique": false,
          "concurrently": false,
          "method": "btree",
          "with": {}
        }
      },
      "foreignKeys": {
        "ais_checks_vessel_id_vessels_id_fk": {
          "name": "ais_checks_vessel_id_vessels_id_fk",
          "tableFrom": "ais_checks",
          "tableTo": "vessels",
          "columnsFrom": [
            "vessel_id"
          ],
          "columnsTo": [
            "id"
          ],
          "onDelete": "cascade",
          "onUpdate": "no action"
        }
      },
      "compositePrimaryKeys": {},
      "uniqueConstraints": {},
      "policies": {},
      "checkConstraints": {},
      "isRLSEnabled": false
    },
    "public.ais_debug_logs": {
      "name": "ais_debug_logs",
      "schema": "",
      "columns": {
        "id": {
          "name": "id",
          "type": "uuid",
          "primaryKey": true,
          "notNull": true,
          "default": "gen_random_uuid()"
        },
        "user_id": {
          "name": "user_id",
          "type": "text",
          "primaryKey": false,
          "notNull": false
        },
        "vessel_id": {
          "name": "vessel_id",
          "type": "uuid",
          "primaryKey": false,
          "notNull": true
        },
        "mmsi": {
          "name": "mmsi",
          "type": "text",
          "primaryKey": false,
          "notNull": true
        },
        "api_url": {
          "name": "api_url",
          "type": "text",
          "primaryKey": false,
          "notNull": true
        },
        "request_time": {
          "name": "request_time",
          "type": "timestamp",
          "primaryKey": false,
          "notNull": true
        },
        "response_status": {
          "name": "response_status",
          "type": "text",
          "primaryKey": false,
          "notNull": true
        },
        "response_body": {
          "name": "response_body",
          "type": "text",
          "primaryKey": false,
          "notNull": false
        },
        "authentication_status": {
          "name": "authentication_status",
          "type": "text",
          "primaryKey": false,
          "notNull": true
        },
        "error_message": {
          "name": "error_message",
          "type": "text",
          "primaryKey": false,
          "notNull": false
        },
        "api_source": {
          "name": "api_source",
          "type": "text",
          "primaryKey": false,
          "notNull": false
        },
        "created_at": {
          "name": "created_at",
          "type": "timestamp",
          "primaryKey": false,
          "notNull": true,
          "default": "now()"
        }
      },
      "indexes": {
        "ais_debug_logs_user_id_idx": {
          "name": "ais_debug_logs_user_id_idx",
          "columns": [
            {
              "expression": "user_id",
              "isExpression": false,
              "asc": true,
              "nulls": "last"
            }
          ],
          "isUnique": false,
          "concurrently": false,
          "method": "btree",
          "with": {}
        },
        "ais_debug_logs_vessel_request_time_idx": {
          "name": "ais_debug_logs_vessel_request_time_idx",
          "columns": [
            {
              "expression": "vessel_id",
              "isExpression": false,
              "asc": true,
              "nulls": "last"
            },
            {
              "expression": "request_time",
              "isExpression": false,
              "asc": true,
              "nulls": "last"
            }
          ],
          "isUnique": false,
          "concurrently": false,
          "method": "btree",
          "with": {}
        },
        "ais_debug_logs_mmsi_request_idx": {
          "name": "ais_debug_logs_mmsi_request_idx",
          "columns": [
            {
              "expression": "mmsi",
              "isExpression": false,
              "asc": true,
              "nulls": "last"
            }
          ],
          "isUnique": false,
          "concurrently": false,
          "method": "btree",
          "with": {}
        }
      },
      "foreignKeys": {
        "ais_debug_logs_vessel_id_vessels_id_fk": {
          "name": "ais_debug_logs_vessel_id_vessels_id_fk",
          "tableFrom": "ais_debug_logs",
          "tableTo": "vessels",
          "columnsFrom": [
            "vessel_id"
          ],
          "columnsTo": [
            "id"
          ],
          "onDelete": "cascade",
          "onUpdate": "no action"
        }
      },
      "compositePrimaryKeys": {},
      "uniqueConstraints": {},
      "policies": {},
      "checkConstraints": {},
      "isRLSEnabled": false
    },
    "public.ais_query_timestamps": {
      "name": "ais_query_timestamps",
      "schema": "",
      "columns": {
        "id": {
          "name": "id",
          "type": "uuid",
          "primaryKey": true,
          "notNull": true,
          "default": "gen_random_uuid()"
        },
        "vessel_id": {
          "name": "vessel_id",
          "type": "uuid",
          "primaryKey": false,
          "notNull": true
        },
        "last_query_time": {
          "name": "last_query_time",
          "type": "timestamp",
          "primaryKey": false,
          "notNull": true
        },
        "created_at": {
          "name": "created_at",
          "type": "timestamp",
          "primaryKey": false,
          "notNull": true,
          "default": "now()"
        },
        "updated_at": {
          "name": "updated_at",
          "type": "timestamp",
          "primaryKey": false,
          "notNull": true,
          "default": "now()"
        }
      },
      "indexes": {
        "ais_query_timestamps_vessel_id_idx": {
          "name": "ais_query_timestamps_vessel_id_idx",
          "columns": [
            {
              "expression": "vessel_id",
              "isExpression": false,
              "asc": true,
              "nulls": "last"
            }
          ],
          "isUnique": false,
          "concurrently": false,
          "method": "btree",
          "with": {}
        },
        "ais_query_timestamps_last_query_time_idx": {
          "name": "ais_query_timestamps_last_query_time_idx",
          "columns": [
            {
              "expression": "last_query_time",
              "isExpression": false,
              "asc": true,
              "nulls": "last"
            }
          ],
          "isUnique": false,
          "concurrently": false,
          "method": "btree",
          "with": {}
        }
      },
      "foreignKeys": {
        "ais_query_timestamps_vessel_id_vessels_id_fk": {
          "name": "ais_query_timestamps_vessel_id_vessels_id_fk",
          "tableFrom": "ais_query_timestamps",
          "tableTo": "vessels",
          "columnsFrom": [
            "vessel_id"
          ],
          "columnsTo": [
            "id"
          ],
          "onDelete": "cascade",
          "onUpdate": "no action"
        }
      },
      "compositePrimaryKeys": {},
      "uniqueConstraints": {
        "ais_query_timestamps_vessel_id_unique": {
          "name": "ais_query_timestamps_vessel_id_unique",
          "nullsNotDistinct": false,
          "columns": [
            "vessel_id"
          ]
        }
      },
      "policies": {},
      "checkConstraints": {},
      "isRLSEnabled": false
    },
    "public.notification_schedules": {
      "name": "notification_schedules",
      "schema": "",
      "columns": {
        "id": {
          "name": "id",
          "type": "uuid",
          "primaryKey": true,
          "notNull": true,
          "default": "gen_random_uuid()"
        },
        "user_id": {
          "name": "user_id",
          "type": "text",
          "primaryKey": false,
          "notNull": true
        },
        "notification_type": {
          "name": "notification_type",
          "type": "text",
          "primaryKey": false,
          "notNull": true
        },
        "scheduled_time": {
          "name": "scheduled_time",
          "type": "text",
          "primaryKey": false,
          "notNull": true
        },
        "timezone": {
          "name": "timezone",
          "type": "text",
          "primaryKey": false,
          "notNull": true
        },
        "is_active": {
          "name": "is_active",
          "type": "boolean",
          "primaryKey": false,
          "notNull": true,
          "default": true
        },
        "last_sent": {
          "name": "last_sent",
          "type": "timestamp",
          "primaryKey": false,
          "notNull": false
        },
        "created_at": {
          "name": "created_at",
          "type": "timestamp",
          "primaryKey": false,
          "notNull": true,
          "default": "now()"
        },
        "updated_at": {
          "name": "updated_at",
          "type": "timestamp",
          "primaryKey": false,
          "notNull": true,
          "default": "now()"
        }
      },
      "indexes": {
        "notification_schedules_user_id_idx": {
          "name": "notification_schedules_user_id_idx",
          "columns": [
            {
              "expression": "user_id",
              "isExpression": false,
              "asc": true,
              "nulls": "last"
            }
          ],
          "isUnique": false,
          "concurrently": false,
          "method": "btree",
          "with": {}
        },
        "notification_schedules_active_idx": {
          "name": "notification_schedules_active_idx",
          "columns": [
            {
              "expression": "is_active",
              "isExpression": false,
              "asc": true,
              "nulls": "last"
            }
          ],
          "isUnique": false,
          "concurrently": false,
          "method": "btree",
          "with": {}
        },
        "notification_schedules_user_active_idx": {
          "name": "notification_schedules_user_active_idx",
          "columns": [
            {
              "expression": "user_id",
              "isExpression": false,
              "asc": true,
              "nulls": "last"
            },
            {
              "expression": "is_active",
              "isExpression": false,
              "asc": true,
              "nulls": "last"
            }
          ],
          "isUnique": false,
          "concurrently": false,
          "method": "btree",
          "with": {}
        }
      },
      "foreignKeys": {},
      "compositePrimaryKeys": {},
      "uniqueConstraints": {},
      "policies": {},
      "checkConstraints": {},
      "isRLSEnabled": false
    },
    "public.scheduled_tasks": {
      "name": "scheduled_tasks",
      "schema": "",
      "columns": {
        "id": {
          "name": "id",
          "type": "uuid",
          "primaryKey": true,
          "notNull": true,
          "default": "gen_random_uuid()"
        },
        "user_id": {
          "name": "user_id",
          "type": "text",
          "primaryKey": false,
          "notNull": false
        },
        "task_type": {
          "name": "task_type",
          "type": "text",
          "primaryKey": false,
          "notNull": true
        },
        "vessel_id": {
          "name": "vessel_id",
          "type": "uuid",
          "primaryKey": false,
          "notNull": true
        },
        "interval_hours": {
          "name": "interval_hours",
          "type": "text",
          "primaryKey": false,
          "notNull": true
        },
        "last_run": {
          "name": "last_run",
          "type": "timestamp",
          "primaryKey": false,
          "notNull": false
        },
        "next_run": {
          "name": "next_run",
          "type": "timestamp",
          "primaryKey": false,
          "notNull": true
        },
        "is_active": {
          "name": "is_active",
          "type": "boolean",
          "primaryKey": false,
          "notNull": true,
          "default": true
        },
        "created_at": {
          "name": "created_at",
          "type": "timestamp",
          "primaryKey": false,
          "notNull": true,
          "default": "now()"
        }
      },
      "indexes": {
        "scheduled_tasks_user_id_idx": {
          "name": "scheduled_tasks_user_id_idx",
          "columns": [
            {
              "expression": "user_id",
              "isExpression": false,
              "asc": true,
              "nulls": "last"
            }
          ],
          "isUnique": false,
          "concurrently": false,
          "method": "btree",
          "with": {}
        },
        "scheduled_tasks_vessel_task_idx": {
          "name": "scheduled_tasks_vessel_task_idx",
          "columns": [
            {
              "expression": "vessel_id",
              "isExpression": false,
              "asc": true,
              "nulls": "last"
            },
            {
              "expression": "task_type",
              "isExpression": false,
              "asc": true,
              "nulls": "last"
            }
          ],
          "isUnique": false,
          "concurrently": false,
          "method": "btree",
          "with": {}
        },
        "scheduled_tasks_next_run_task_idx": {
          "name": "scheduled_tasks_next_run_task_idx",
          "columns": [
            {
              "expression": "next_run",
              "isExpression": false,
              "asc": true,
              "nulls": "last"
            }
          ],
          "isUnique": false,
          "concurrently": false,
          "method": "btree",
          "with": {}
        },
        "scheduled_tasks_active_idx": {
          "name": "scheduled_tasks_active_idx",
          "columns": [
            {
              "expression": "is_active",
              "isExpression": false,
              "asc": true,
              "nulls": "last"
            }
          ],
          "isUnique": false,
          "concurrently": false,
          "method": "btree",
          "with": {}
        }
      },
      "foreignKeys": {
        "scheduled_tasks_vessel_id_vessels_id_fk": {
          "name": "scheduled_tasks_vessel_id_vessels_id_fk",
          "tableFrom": "scheduled_tasks",
          "tableTo": "vessels",
          "columnsFrom": [
            "vessel_id"
          ],
          "columnsTo": [
            "id"
          ],
          "onDelete": "cascade",
          "onUpdate": "no action"
        }
      },
      "compositePrimaryKeys": {},
      "uniqueConstraints": {},
      "policies": {},
      "checkConstraints": {},
      "isRLSEnabled": false
    },
    "public.sea_time_entries": {
      "name": "sea_time_entries",
      "schema": "",
      "columns": {
        "id": {
          "name": "id",
          "type": "uuid",
          "primaryKey": true,
          "notNull": true,
          "default": "gen_random_uuid()"
        },
        "user_id": {
          "name": "user_id",
          "type": "text",
          "primaryKey": false,
          "notNull": false
        },
        "vessel_id": {
          "name": "vessel_id",
          "type": "uuid",
          "primaryKey": false,
          "notNull": true
        },
        "start_time": {
          "name": "start_time",
          "type": "timestamp",
          "primaryKey": false,
          "notNull": true
        },
        "end_time": {
          "name": "end_time",
          "type": "timestamp",
          "primaryKey": false,
          "notNull": false
        },
        "duration_hours": {
          "name": "duration_hours",
          "type": "numeric(10, 2)",
          "primaryKey": false,
          "notNull": false
        },
        "sea_days": {
          "name": "sea_days",
          "type": "integer",
          "primaryKey": false,
          "notNull": false
        },
        "status": {
          "name": "status",
          "type": "text",
          "primaryKey": false,
          "notNull": true,
          "default": "'pending'"
        },
        "service_type": {
          "name": "service_type",
          "type": "text",
          "primaryKey": false,
          "notNull": false,
          "default": "'actual_sea_service'"
        },
        "notes": {
          "name": "notes",
          "type": "text",
          "primaryKey": false,
          "notNull": false
        },
        "start_latitude": {
          "name": "start_latitude",
          "type": "numeric(9, 6)",
          "primaryKey": false,
          "notNull": false
        },
        "start_longitude": {
          "name": "start_longitude",
          "type": "numeric(10, 6)",
          "primaryKey": false,
          "notNull": false
        },
        "end_latitude": {
          "name": "end_latitude",
          "type": "numeric(9, 6)",
          "primaryKey": false,
          "notNull": false
        },
        "end_longitude": {
          "name": "end_longitude",
          "type": "numeric(10, 6)",
          "primaryKey": false,
          "notNull": false
        },
        "mca_compliant": {
          "name": "mca_compliant",
          "type": "boolean",
          "primaryKey": false,
          "notNull": false
        },
        "detection_window_hours": {
          "name": "detection_window_hours",
          "type": "numeric(10, 2)",
          "primaryKey": false,
          "notNull": false
        },
        "watchkeeping_hours": {
          "name": "watchkeeping_hours",
          "type": "numeric(10, 2)",
          "primaryKey": false,
          "notNull": false
        },
        "additional_watchkeeping_hours": {
          "name": "additional_watchkeeping_hours",
          "type": "numeric(10, 2)",
          "primaryKey": false,
          "notNull": false
        },
        "is_stationary": {
          "name": "is_stationary",
          "type": "boolean",
          "primaryKey": false,
          "notNull": false
        },
        "distance_nm": {
          "name": "distance_nm",
          "type": "numeric(10, 2)",
          "primaryKey": false,
          "notNull": false
        },
        "created_at": {
          "name": "created_at",
          "type": "timestamp",
          "primaryKey": false,
          "notNull": true,
          "default": "now()"
        }
      },
      "indexes": {
        "sea_time_entries_user_id_idx": {
          "name": "sea_time_entries_user_id_idx",
          "columns": [
            {
              "expression": "user_id",
              "isExpression": false,
              "asc": true,
              "nulls": "last"
            }
          ],
          "isUnique": false,
          "concurrently": false,
          "method": "btree",
          "with": {}
        },
        "sea_time_entries_vessel_id_idx": {
          "name": "sea_time_entries_vessel_id_idx",
          "columns": [
            {
              "expression": "vessel_id",
              "isExpression": false,
              "asc": true,
              "nulls": "last"
            }
          ],
          "isUnique": false,
          "concurrently": false,
          "method": "btree",
          "with": {}
        },
        "sea_time_entries_status_idx": {
          "name": "sea_time_entries_status_idx",
          "columns": [
            {
              "expression": "status",
              "isExpression": false,
              "asc": true,
              "nulls": "last"
            }
          ],
          "isUnique": false,
          "concurrently": false,
          "method": "btree",
          "with": {}
        },
        "sea_time_entries_service_type_idx": {
          "name": "sea_time_entries_service_type_idx",
          "columns": [
            {
              "expression": "service_type",
              "isExpression": false,
              "asc": true,
              "nulls": "last"
            }
          ],
          "isUnique": false,
          "concurrently": false,
          "method": "btree",
          "with": {}
        },
        "sea_time_entries_mca_compliant_idx": {
          "name": "sea_time_entries_mca_compliant_idx",
          "columns": [
            {
              "expression": "mca_compliant",
              "isExpression": false,
              "asc": true,
              "nulls": "last"
            }
          ],
          "isUnique": false,
          "concurrently": false,
          "method": "btree",
          "with": {}
        }
      },
      "foreignKeys": {
        "sea_time_entries_vessel_id_vessels_id_fk": {
          "name": "sea_time_entries_vessel_id_vessels_id_fk",
          "tableFrom": "sea_time_entries",
          "tableTo": "vessels",
          "columnsFrom": [
            "vessel_id"
          ],
          "columnsTo": [
            "id"
          ],
          "onDelete": "cascade",
          "onUpdate": "no action"
        }
      },
      "compositePrimaryKeys": {},
      "uniqueConstraints": {},
      "policies": {},
      "checkConstraints": {},
      "isRLSEnabled": false
    },
    "public.vessels": {
      "name": "vessels",
      "schema": "",
      "columns": {
        "id": {
          "name": "id",
          "type": "uuid",
          "primaryKey": true,
          "notNull": true,
          "default": "gen_random_uuid()"
        },
        "user_id": {
          "name": "user_id",
          "type": "text",
          "primaryKey": false,
          "notNull": false
        },
        "mmsi": {
          "name": "mmsi",
          "type": "text",
          "primaryKey": false,
          "notNull": true
        },
        "vessel_name": {
          "name": "vessel_name",
          "type": "text",
          "primaryKey": false,
          "notNull": true
        },
        "callsign": {
          "name": "callsign",
          "type": "text",
          "primaryKey": false,
          "notNull": false
        },
        "flag": {
          "name": "flag",
          "type": "text",
          "primaryKey": false,
          "notNull": false
        },
        "official_number": {
          "name": "official_number",
          "type": "text",
          "primaryKey": false,
          "notNull": false
        },
        "type": {
          "name": "type",
          "type": "text",
          "primaryKey": false,
          "notNull": false
        },
        "length_metres": {
          "name": "length_metres",
          "type": "numeric(8, 2)",
          "primaryKey": false,
          "notNull": false
        },
        "gross_tonnes": {
          "name": "gross_tonnes",
          "type": "numeric(10, 2)",
          "primaryKey": false,
          "notNull": false
        },
        "engine_kilowatts": {
          "name": "engine_kilowatts",
          "type": "numeric(10, 2)",
          "primaryKey": false,
          "notNull": false
        },
        "engine_type": {
          "name": "engine_type",
          "type": "text",
          "primaryKey": false,
          "notNull": false
        },
        "is_active": {
          "name": "is_active",
          "type": "boolean",
          "primaryKey": false,
          "notNull": true,
          "default": false
        },
        "created_at": {
          "name": "created_at",
          "type": "timestamp",
          "primaryKey": false,
          "notNull": true,
          "default": "now()"
        },
        "updated_at": {
          "name": "updated_at",
          "type": "timestamp",
          "primaryKey": false,
          "notNull": true,
          "default": "now()"
        }
      },
      "indexes": {
        "vessels_user_id_idx": {
          "name": "vessels_user_id_idx",
          "columns": [
            {
              "expression": "user_id",
              "isExpression": false,
              "asc": true,
              "nulls": "last"
            }
          ],
          "isUnique": false,
          "concurrently": false,
          "method": "btree",
          "with": {}
        },
        "vessels_mmsi_idx": {
          "name": "vessels_mmsi_idx",
          "columns": [
            {
              "expression": "mmsi",
              "isExpression": false,
              "asc": true,
              "nulls": "last"
            }
          ],
          "isUnique": false,
          "concurrently": false,
          "method": "btree",
          "with": {}
        },
        "vessels_is_active_idx": {
          "name": "vessels_is_active_idx",
          "columns": [
            {
              "expression": "is_active",
              "isExpression": false,
              "asc": true,
              "nulls": "last"
            }
          ],
          "isUnique": false,
          "concurrently": false,
          "method": "btree",
          "with": {}
        },
        "vessels_user_id_mmsi_uq": {
          "name": "vessels_user_id_mmsi_uq",
          "columns": [
            {
              "expression": "user_id",
              "isExpression": false,
              "asc": true,
              "nulls": "last"
            },
            {
              "expression": "mmsi",
              "isExpression": false,
              "asc": true,
              "nulls": "last"
            }
          ],
          "isUnique": true,
          "concurrently": false,
          "method": "btree",
          "with": {}
        }
      },
      "foreignKeys": {},
      "compositePrimaryKeys": {},
      "uniqueConstraints": {},
      "policies": {},
      "checkConstraints": {},
      "isRLSEnabled": false
    },
    "public.account": {
      "name": "account",
      "schema": "",
      "columns": {
        "id": {
          "name": "id",
          "type": "text",
          "primaryKey": true,
          "notNull": true
        },
        "account_id": {
          "name": "account_id",
          "type": "text",
          "primaryKey": false,
          "notNull": true
        },
        "provider_id": {
          "name": "provider_id",
          "type": "text",
          "primaryKey": false,
          "notNull": true
        },
        "user_id": {
          "name": "user_id",
          "type": "text",
          "primaryKey": false,
          "notNull": true
        },
        "access_token": {
          "name": "access_token",
          "type": "text",
          "primaryKey": false,
          "notNull": false
        },
        "refresh_token": {
          "name": "refresh_token",
          "type": "text",
          "primaryKey": false,
          "notNull": false
        },
        "id_token": {
          "name": "id_token",
          "type": "text",
          "primaryKey": false,
          "notNull": false
        },
        "access_token_expires_at": {
          "name": "access_token_expires_at",
          "type": "timestamp",
          "primaryKey": false,
          "notNull": false
        },
        "refresh_token_expires_at": {
          "name": "refresh_token_expires_at",
          "type": "timestamp",
          "primaryKey": false,
          "notNull": false
        },
        "scope": {
          "name": "scope",
          "type": "text",
          "primaryKey": false,
          "notNull": false
        },
        "password": {
          "name": "password",
          "type": "text",
          "primaryKey": false,
          "notNull": false
        },
        "created_at": {
          "name": "created_at",
          "type": "timestamp",
          "primaryKey": false,
          "notNull": true,
          "default": "now()"
        },
        "updated_at": {
          "name": "updated_at",
          "type": "timestamp",
          "primaryKey": false,
          "notNull": true
        }
      },
      "indexes": {},
      "foreignKeys": {
        "account_user_id_user_id_fk": {
          "name": "account_user_id_user_id_fk",
          "tableFrom": "account",
          "tableTo": "user",
          "columnsFrom": [
            "user_id"
          ],
          "columnsTo": [
            "id"
          ],
          "onDelete": "cascade",
          "onUpdate": "no action"
        }
      },
      "compositePrimaryKeys": {},
      "uniqueConstraints": {},
      "policies": {},
      "checkConstraints": {},
      "isRLSEnabled": false
    },
    "public.session": {
      "name": "session",
      "schema": "",
      "columns": {
        "id": {
          "name": "id",
          "type": "text",
          "primaryKey": true,
          "notNull": true
        },
        "expires_at": {
          "name": "expires_at",
          "type": "timestamp",
          "primaryKey": false,
          "notNull": true
        },
        "token": {
          "name": "token",
          "type": "text",
          "primaryKey": false,
          "notNull": true
        },
        "created_at": {
          "name": "created_at",
          "type": "timestamp",
          "primaryKey": false,
          "notNull": true,
          "default": "now()"
        },
        "updated_at": {
          "name": "updated_at",
          "type": "timestamp",
          "primaryKey": false,
          "notNull": true
        },
        "ip_address": {
          "name": "ip_address",
          "type": "text",
          "primaryKey": false,
          "notNull": false
        },
        "user_agent": {
          "name": "user_agent",
          "type": "text",
          "primaryKey": false,
          "notNull": false
        },
        "user_id": {
          "name": "user_id",
          "type": "text",
          "primaryKey": false,
          "notNull": true
        }
      },
      "indexes": {},
      "foreignKeys": {
        "session_user_id_user_id_fk": {
          "name": "session_user_id_user_id_fk",
          "tableFrom": "session",
          "tableTo": "user",
          "columnsFrom": [
            "user_id"
          ],
          "columnsTo": [
            "id"
          ],
          "onDelete": "cascade",
          "onUpdate": "no action"
        }
      },
      "compositePrimaryKeys": {},
      "uniqueConstraints": {
        "session_token_unique": {
          "name": "session_token_unique",
          "nullsNotDistinct": false,
          "columns": [
            "token"
          ]
        }
      },
      "policies": {},
      "checkConstraints": {},
      "isRLSEnabled": false
    },
    "public.user": {
      "name": "user",
      "schema": "",
      "columns": {
        "id": {
          "name": "id",
          "type": "text",
          "primaryKey": true,
          "notNull": true
        },
        "name": {
          "name": "name",
          "type": "text",
          "primaryKey": false,
          "notNull": true
        },
        "email": {
          "name": "email",
          "type": "text",
          "primaryKey": false,
          "notNull": true
        },
        "email_verified": {
          "name": "email_verified",
          "type": "boolean",
          "primaryKey": false,
          "notNull": true,
          "default": false
        },
        "image": {
          "name": "image",
          "type": "text",
          "primaryKey": false,
          "notNull": false
        },
        "address": {
          "name": "address",
          "type": "text",
          "primaryKey": false,
          "notNull": false
        },
        "tel_no": {
          "name": "tel_no",
          "type": "text",
          "primaryKey": false,
          "notNull": false
        },
        "date_of_birth": {
          "name": "date_of_birth",
          "type": "date",
          "primaryKey": false,
          "notNull": false
        },
        "srb_no": {
          "name": "srb_no",
          "type": "text",
          "primaryKey": false,
          "notNull": false
        },
        "nationality": {
          "name": "nationality",
          "type": "text",
          "primaryKey": false,
          "notNull": false
        },
        "pya_membership_no": {
          "name": "pya_membership_no",
          "type": "text",
          "primaryKey": false,
          "notNull": false
        },
        "department": {
          "name": "department",
          "type": "text",
          "primaryKey": false,
          "notNull": false
        },
        "subscription_status": {
          "name": "subscription_status",
          "type": "text",
          "primaryKey": false,
          "notNull": false,
          "default": "'inactive'"
        },
        "subscription_expires_at": {
          "name": "subscription_expires_at",
          "type": "timestamp with time zone",
          "primaryKey": false,
          "notNull": false
        },
        "subscription_product_id": {
          "name": "subscription_product_id",
          "type": "text",
          "primaryKey": false,
          "notNull": false
        },
        "created_at": {
          "name": "created_at",
          "type": "timestamp",
          "primaryKey": false,
          "notNull": true,
          "default": "now()"
        },
        "updated_at": {
          "name": "updated_at",
          "type": "timestamp",
          "primaryKey": false,
          "notNull": true,
          "default": "now()"
        }
      },
      "indexes": {},
      "foreignKeys": {},
      "compositePrimaryKeys": {},
      "uniqueConstraints": {
        "user_email_unique": {
          "name": "user_email_unique",
          "nullsNotDistinct": false,
          "columns": [
            "email"
          ]
        }
      },
      "policies": {},
      "checkConstraints": {},
      "isRLSEnabled": false
    },
    "public.verification": {
      "name": "verification",
      "schema": "",
      "columns": {
        "id": {
          "name": "id",
          "type": "text",
          "primaryKey": true,
          "notNull": true
        },
        "identifier": {
          "name": "identifier",
          "type": "text",
          "primaryKey": false,
          "notNull": true
        },
        "value": {
          "name": "value",
          "type": "text",
          "primaryKey": false,
          "notNull": true
        },
        "expires_at": {
          "name": "expires_at",
          "type": "timestamp",
          "primaryKey": false,
          "notNull": true
        },
        "created_at": {
          "name": "created_at",
          "type": "timestamp",
          "primaryKey": false,
          "notNull": true,
          "default": "now()"
        },
        "updated_at": {
          "name": "updated_at",
          "type": "timestamp",
          "primaryKey": false,
          "notNull": true,
          "default": "now()"
        }
      },
      "indexes": {},
      "foreignKeys": {},
      "compositePrimaryKeys": {},
      "uniqueConstraints": {},
      "policies": {},
      "checkConstraints": {},
      "isRLSEnabled": false
    }
  },
  "enums": {},
  "schemas": {},
  "sequences": {},
  "roles": {},
  "policies": {},
  "views": {},
  "_meta": {
    "columns": {},
    "schemas": {},
    "tables": {}
  }
}