{
  "version": "7",
  "dialect": "postgresql",
  "entries": [
    {
      "idx": 0,
      "version": "7",
      "when": 1768237612158,
      "tag": "20260112170652_quiet_sumo",
      "breakpoints": true
    },
    {
      "idx": 1,
      "version": "7",
      "when": 1768239461072,
      "tag": "20260112173741_fantastic_madame_hydra",
      "breakpoints": true
    },
    {
      "idx": 2,
      "version": "7",
      "when": 1768302075420,
      "tag": "20260113110115_glorious_killraven",
      "breakpoints": true
    },
    {
      "idx": 3,
      "version": "7",
      "when": 1768306981225,
      "tag": "20260113122301_public_the_initiative",
      "breakpoints": true
    },
    {
      "idx": 4,
      "version": "7",
      "when": 1768323125077,
      "tag": "20260113165205_short_red_hulk",
      "breakpoints": true
    },
    {
      "idx": 5,
      "version": "7",
      "when": 1768329511492,
      "tag": "20260113183831_steep_mercury",
      "breakpoints": true
    },
    {
      "idx": 6,
      "version": "7",
      "when": 1768400165787,
      "tag": "20260114141605_short_fantastic_four",
      "breakpoints": true
    },
    {
      "idx": 7,
      "version": "7",
      "when": 1768407398080,
      "tag": "20260114161638_low_blue_marvel",
      "breakpoints": true
    },
    {
      "idx": 8,
      "version": "7",
      "when": 1768413757424,
      "tag": "20260114180237_green_invaders",
      "breakpoints": true
    },
    {
      "idx": 9,
      "version": "7",
      "when": 1768417934706,
      "tag": "20260114191214_nappy_doctor_doom",
      "breakpoints": true
    },
    {
      "idx": 10,
      "version": "7",
      "when": 1768473678324,
      "tag": "20260115104118_faulty_lethal_legion",
      "breakpoints": true
    },
    {
      "idx": 11,
      "version": "7",
      "when": 1768649865207,
      "tag": "20260117113745_high_colossus",
      "breakpoints": true
    },
    {
      "idx": 12,
      "version": "7",
      "when": 1768830521367,
      "tag": "20260119134841_dashing_baron_zemo",
      "breakpoints": true
    },
    {
      "idx": 13,
      "version": "7",
      "when": 1768830574761,
      "tag": "20260119134934_noisy_zarda",
      "breakpoints": true
    },
    {
      "idx": 14,
      "version": "7",
      "when": 1768859839205,
      "tag": "20260119215719_shallow_sheva_callister",
      "breakpoints": true
    },
    {
      "idx": 15,
      "version": "7",
      "when": 1768947738575,
      "tag": "20260120222218_eager_gauntlet",
      "breakpoints": true
    },
    {
      "idx": 16,
      "version": "7",
      "when": 1769020288470,
      "tag": "20260121183128_absent_baron_strucker",
      "breakpoints": true
    },
    {
      "idx": 17,
      "version": "7",
      "when": 1769028489121,
      "tag": "20260121204809_ordinary_krista_starr",
      "breakpoints": true
    },
    {
      "idx": 18,
      "version": "7",
      "when": 1769029107302,
      "tag": "20260121205827_good_starjammers",
      "breakpoints": true
    },
    {
      "idx": 19,
      "version": "7",
      "when": 1769101122107,
      "tag": "20260122165842_same_pixie",
      "breakpoints": true
    },
    {
      "idx": 20,
      "version": "7",
      "when": 1769255759547,
      "tag": "20260124115559_common_gravity",
      "breakpoints": true
    },
    {
      "idx": 21,
      "version": "7",
      "when": 1769278273658,
      "tag": "20260124181113_overjoyed_matthew_murdock",
      "breakpoints": true
    },
    {
      "idx": 22,
      "version": "7",
      "when": 1769424385030,
      "tag": "20260126104625_motionless_snowbird",
      "breakpoints": true
    },
    {
      "idx": 23,
      "version": "7",
      "when": 1769506400961,
      "tag": "20260127093320_neat_shriek",
      "breakpoints": true
    },
    {
      "idx": 24,
      "version": "7",
      "when": 1770034919052,
      "tag": "20260202122159_nosy_chronomancer",
      "breakpoints": true
    },
    {
      "idx": 25,
      "version": "7",
      "when": 1770041387961,
      "tag": "20260202140947_adorable_arclight",
      "breakpoints": true
    },
    {
      "idx": 26,
      "version": "7",
      "when": 1770329403478,
      "tag": "20260205221003_mute_madelyne_pryor",
      "breakpoints": true
    },
    {
      "idx": 27,
      "version": "7",
      "when": 1770484017623,
      "tag": "20260207170657_little_brother_voodoo",
      "breakpoints": true
    },
    {
      "idx": 28,
      "version": "7",
      "when": 1770501352574,
      "tag": "20260207215552_tidy_blue_blade",
      "breakpoints": true
    }
  ]
}